title,asin,price,reviews,sellers,weak_listing,alibaba,url
"Kitstorack Under Sink Organizer, 2-Pack 3-Tier Height Adjust",B0FRDJYYC6,$53.99,68,1,YES,https://www.alibaba.com/products/Kitstorack%20Under%20Sink%20Organize.html,https://www.amazon.com/dp/B0FRDJYYC6
Sorbus Roll Out Bottle Organization Bins - 2 Sizes Pantry Un,B0BNNSX163,$39.99,238,1,YES,https://www.alibaba.com/products/Sorbus%20Roll%20Out%20Bottle%20Organiz.html,https://www.amazon.com/dp/B0BNNSX163
2 Pack Under Sink Organizer With Next-Gen Ball-Bearing Slide,B0F7QPGWL7,$49.99,157,1,YES,https://www.alibaba.com/products/2%20Pack%20Under%20Sink%20Organizer%20Wi.html,https://www.amazon.com/dp/B0F7QPGWL7
"ADBIU Under Sink Organizer, 2 Pack 2 Tier Expandable Height ",B0FJ81MWQD,$29.99,98,1,YES,https://www.alibaba.com/products/ADBIU%20Under%20Sink%20Organizer%2C%202%20.html,https://www.amazon.com/dp/B0FJ81MWQD
Amazon Basics L-Shape Under Sink Storage Pull Out Cabinet Or,B0DK8GFVTG,$29.39,101,1,YES,https://www.alibaba.com/products/Amazon%20Basics%20L-Shape%20Under%20Si.html,https://www.amazon.com/dp/B0DK8GFVTG
"2 Pack Under Sink Organizer With Smooth Cylindrical Rail,2-T",B0F9F2XPLP,$42.99,121,1,YES,https://www.alibaba.com/products/2%20Pack%20Under%20Sink%20Organizer%20Wi.html,https://www.amazon.com/dp/B0F9F2XPLP
1 Pack Expandable Under Sink Organizers And Storage With Upg,B0DSWCBSCD,$54.99,158,1,YES,https://www.alibaba.com/products/1%20Pack%20Expandable%20Under%20Sink%20O.html,https://www.amazon.com/dp/B0DSWCBSCD
2 Pack Under Sink Organizer with Next-Gen Ball-Bearing Slide,B0FHKXVPMN,$39.99,133,1,YES,https://www.alibaba.com/products/2%20Pack%20Under%20Sink%20Organizer%20wi.html,https://www.amazon.com/dp/B0FHKXVPMN
"2 Pack Under Sink Organizer,Pull Out Cabinet Organizer with ",B0FJD3RTLK,$37.99,79,1,YES,https://www.alibaba.com/products/2%20Pack%20Under%20Sink%20Organizer%2CPu.html,https://www.amazon.com/dp/B0FJD3RTLK
"2 Packs Under Sink Organizer, Height Adjustable 2 Tier Under",B0DDKRMFWF,$24.99,184,1,YES,https://www.alibaba.com/products/2%20Packs%20Under%20Sink%20Organizer%2C%20.html,https://www.amazon.com/dp/B0DDKRMFWF
"Under Sink Organizer and Storage 16.5""-30.7"" Expandable Leng",B0F2N1Q5TR,$23.13,131,1,YES,https://www.alibaba.com/products/Under%20Sink%20Organizer%20and%20Stora.html,https://www.amazon.com/dp/B0F2N1Q5TR
Clear Plastic Storage Bins-6 Pack Large Pantry Organizers an,B0DC5Y5SQ4,$29.99,215,1,YES,https://www.alibaba.com/products/Clear%20Plastic%20Storage%20Bins-6%20P.html,https://www.amazon.com/dp/B0DC5Y5SQ4
"Under Sink Organizer, 2-Tier Dual Pull Out Cabinet Organizer",B0FMQZW9VZ,$36.99,71,1,YES,https://www.alibaba.com/products/Under%20Sink%20Organizer%2C%202-Tier%20D.html,https://www.amazon.com/dp/B0FMQZW9VZ
"Under Sink Organizer, 2-Pack Pull Out Cabinet Organizer 2 Ti",B0FSQMZX3H,$44.98,59,1,YES,https://www.alibaba.com/products/Under%20Sink%20Organizer%2C%202-Pack%20P.html,https://www.amazon.com/dp/B0FSQMZX3H
Homde 2-Tier Under Sink Organizer: 2pcs Set Adjustable Pull ,B0FJ7YT3XZ,$29.99,61,1,YES,https://www.alibaba.com/products/Homde%202-Tier%20Under%20Sink%20Organi.html,https://www.amazon.com/dp/B0FJ7YT3XZ
"madesmart Premium 2 Tier Organizer, Under Cabinet Storage wi",B0B8TK9QR9,$21.65,226,1,YES,https://www.alibaba.com/products/madesmart%20Premium%202%20Tier%20Organ.html,https://www.amazon.com/dp/B0B8TK9QR9
"ADBIU Under Sink Organizer 2 Pack, Adjustable Height (11""-15",B0FP8VX1V7,$34.99,156,1,YES,https://www.alibaba.com/products/ADBIU%20Under%20Sink%20Organizer%202%20P.html,https://www.amazon.com/dp/B0FP8VX1V7
"Under Sink Organizer, 2 Pack 2 Tier Under Sink Organizers an",B0DKBPSMN1,$24.99,96,1,YES,https://www.alibaba.com/products/Under%20Sink%20Organizer%2C%202%20Pack%202.html,https://www.amazon.com/dp/B0DKBPSMN1
Simple Houseware 2-Tier Narrow Basket Drawer Cabinet Pull-Ou,B0CKLCRS9V,$22.47,182,1,YES,https://www.alibaba.com/products/Simple%20Houseware%202-Tier%20Narrow.html,https://www.amazon.com/dp/B0CKLCRS9V
"REALINN Expandable Under Sink Organizers and Storage, 2 Tier",B0F1FLVLC9,$43.69,108,1,YES,https://www.alibaba.com/products/REALINN%20Expandable%20Under%20Sink%20.html,https://www.amazon.com/dp/B0F1FLVLC9
"Under Sink Organizer,2 Pack Under Kitchen Sink Organizer,2 T",B0FXR6YMPL,$37.99,182,1,YES,https://www.alibaba.com/products/Under%20Sink%20Organizer%2C2%20Pack%20Un.html,https://www.amazon.com/dp/B0FXR6YMPL
"Bamboo Under Sink Organizer and Storage, 2 Tier Pull Out Cab",B0DTKDH39Z,$49.99,61,1,YES,https://www.alibaba.com/products/Bamboo%20Under%20Sink%20Organizer%20an.html,https://www.amazon.com/dp/B0DTKDH39Z
"Under Sink Organizer, 2 Pack Under Sink Organizers and Stora",B0F1CXG5KD,$35.99,127,1,YES,https://www.alibaba.com/products/Under%20Sink%20Organizer%2C%202%20Pack%20U.html,https://www.amazon.com/dp/B0F1CXG5KD
"Under Sink Organizer Storage 1 pack, 2 Tier Slide Out Height",B0CRP4HJ33,$27.99,219,1,YES,https://www.alibaba.com/products/Under%20Sink%20Organizer%20Storage%201.html,https://www.amazon.com/dp/B0CRP4HJ33
Sturdy Car Trunk Organizer – Large Capacity Trunk Organizer ,B0DG8YGQ6G,$37.99,68,1,YES,https://www.alibaba.com/products/Sturdy%20Car%20Trunk%20Organizer%20%E2%80%93%20L.html,https://www.amazon.com/dp/B0DG8YGQ6G
"GMQ Trunk Organizers for Car,Car Organizers and Storage for ",B0FHPS6M72,$52.99,52,1,YES,https://www.alibaba.com/products/GMQ%20Trunk%20Organizers%20for%20Car%2CC.html,https://www.amazon.com/dp/B0FHPS6M72
HOTOR Car Trunk Organizer - Trunk Organizer for SUV with Rem,B0FP2BLB71,$28.49,77,1,YES,https://www.alibaba.com/products/HOTOR%20Car%20Trunk%20Organizer%20-%20Tr.html,https://www.amazon.com/dp/B0FP2BLB71
"Golf Trunk Organizer, Waterproof Car Golf Locker with Separa",B0D9TN7X8N,$38.99,278,1,YES,https://www.alibaba.com/products/Golf%20Trunk%20Organizer%2C%20Waterpro.html,https://www.amazon.com/dp/B0D9TN7X8N
XHRING Car Trunk Organizer Backseat Hanging Storage Bag for ,B0CWG3C7ZM,$20.99,189,1,YES,https://www.alibaba.com/products/XHRING%20Car%20Trunk%20Organizer%20Bac.html,https://www.amazon.com/dp/B0CWG3C7ZM
"LIBZAKI Oversize 4 in 1 Car Trunk Storage Organizer, Multi C",B0D4TDRW27,$49.99,260,1,YES,https://www.alibaba.com/products/LIBZAKI%20Oversize%204%20in%201%20Car%20Tr.html,https://www.amazon.com/dp/B0D4TDRW27
